This is a complete list in alphabetical order of cricketers who have played for Northamptonshire ( Northants ) in first-class matches since 1905 when the club joined the County Championship and the team was elevated to first-class status . The details are the player 's usual name followed by the years in which he was active as a Northants player . His name is then given as it appears on match scorecards ( i.e. , usually his surname preceded by all initials ) and the final figure in parentheses is the number of first-class appearances for Northants . Note that many players represented other first-class teams besides Northants and that some played for the club in the Minor Counties Championship before 1905 . Current players are shown as active to 2013 and their appearance totals are to the end of the 2013 season . # A # * Ken Ablack ( 19451949 ) : R. K. Ablack ( 3 appearances ) * Hylton Ackerman ( 19671971 ) : H. M. Ackerman ( 98 ) * Sidney Adams ( 19261943 ) : S. C. Adams ( 11 ) * @ @ @ @ @ @ @ @ @ @ ) * Charles Addis ( 19241943 ) : C. F. Addis ( 2 ) * Usman Afzaal ( 20042007 ) : U. Afzaal ( 51 ) * Mohammad Akram ( 1997 ) : Mohammad Akram ( 11 ) * Antony Allen ( 19321936 ) : A. W. Allen ( 8 ) * James Allen ( 1905 ) : J. S. Allen ( 2 ) * Michael Allen ( 19561963 ) : M. H. J. Allen ( 155 ) * Curtly Ambrose ( 19891996 ) : C. E. L. Ambrose ( 78 ) * Ricaldo Anderson ( 20022004 ) : R. S. G. Anderson ( 8 ) * Keith Andrew ( 19531966 ) : K. V. Andrew ( 351 ) * Norman Andrews ( 19221923 ) : N. P. Andrews ( 6 ) * Henry Arkell ( 1921 ) : H. J. D. Arkell ( 2 ) * Peter Arnold ( 19511960 ) : A. P. Arnold ( 167 ) * Martin Ashenden ( 19591961 ) : M. Ashenden ( 19 ) * Tommy Askham ( 1914 ) : S. T. Askham ( 5 ) * Craig Atkins ( 1995 ) : @ @ @ @ @ @ @ @ @ @ 19221925 ) : B. G. W. Atkinson ( 13 ) * Azharullah ( 20132013 ) : Azharullah ( 9 ) # B # * Hamer Bagnall ( 19211928 ) : H. F. Bagnall ( 64 ) * Raymond Bailey ( 19641973 ) : R. R. Bailey ( 48 ) * Rob Bailey ( 19821999 ) : R. J. Bailey ( 336 ) * Shaun Bailey ( 2008 ) : S. P. Bailey ( 1 ) * Toby Bailey ( 19962004 ) : T. M. B. Bailey ( 51 ) * Cyril Baker ( 19061922 ) : C. Baker ( 4 ) * Gavin Baker ( 2010 ) : G. C. Baker ( 1 ) * Thomas Baker ( 20022005 ) : T. M. Baker ( 1 ) * Fred Bakewell ( 19281936 ) : A. H. Bakewell ( 227 ) * George Baldwin ( 1906 ) : G. F. Baldwin ( 1 ) * Kenneth Ball ( 1921 ) : K. J. Ball ( 12 ) * Wilfred Ball ( 19241942 ) : W. J. Ball ( 4 ) * Martin Bamber ( 19821984 ) : M. J. Bamber ( 13 @ @ @ @ @ @ @ @ @ @ E. Baptiste ( 18 ) * Desmond Barrick ( 19491960 ) : D. W. Barrick ( 267 ) * Bill Barron ( 19421951 ) : W. Barron ( 118 ) * John Bass ( 1935 ) : J. G. Bass ( 2 ) * William Batson ( 19201921 ) : W. Batson ( 2 ) * Jonathan Batty ( 20132013 ) : J. N. Batty ( 1 ) * Joseph Beasley ( 19111919 ) : J. N. Beasley ( 16 ) * Robert Beasley ( 19071911 ) : R. N. Beasley ( 10 ) * Bishan Singh Bedi ( 19721977 ) : B. S. Bedi ( 110 ) * Hector Beers ( 19141921 ) : H. G. Beers ( 17 ) * Alexander Bell ( 19341941 ) : A. P. Bell ( 3 ) * Benjamin Bellamy ( 19201937 ) : B. W. Bellamy ( 353 ) * Harold Benjamin ( 1928 ) : H. L. Benjamin ( 1 ) * Leo Bennett ( 19411949 ) : A. C. L. Bennett ( 16 ) * Howard Bennett ( 1920 ) : H. A. Bennett ( 1 ) * Sydney Bennett ( @ @ @ @ @ @ @ @ @ @ Paul Best ( 2011 ) : P. M. Best ( 1 ) * Frederick Bird ( 19081909 ) : F. N. Bird ( 10 ) * John Blain ( 19972003 ) : J. A. R. Blain ( 19 ) * Nicky Boje ( 20072010 ) : N. Boje ( 41 ) * Christopher Booden ( 19801981 ) : C. D. Booden ( 4 ) * Peter Borwick ( 1932 ) : P. M. Borwick ( 3 ) * Scott Boswell ( 19951998 ) : S. A. J. Boswell ( 12 ) * Norman Bowell ( 1925 ) : N. H. Bowell ( 1 ) * Mark Bowen ( 19911995 ) : M. N. Bowen ( 13 ) * Robin Boyd-Moss ( 19801987 ) : R. J. Boyd-Moss ( 115 ) * Geoffrey Bradfield ( 1970 ) : G. W. Bradfield ( 1 ) * Dennis Breakwell ( 19691972 ) : D. Breakwell ( 64 ) * Tom Brett ( 20102011 ) : T. Brett ( 2 ) * Gordon Brice ( 19491952 ) : G. H. J. Brice ( 25 ) * Derek Bridge ( 1947 ) : D. J. W. @ @ @ @ @ @ @ @ @ @ : V. Broderick ( 245 ) * Dennis Brookes ( 19341959 ) : D. Brookes ( 492 ) * Jack Brooks ( 20092012 ) : J. A. Brooks ( 36 ) * Gerard Brophy ( 20022005 ) : G. L. Brophy ( 30 ) * Freddie Brown ( 19491953 ) : F. R. Brown ( 102 ) * Jason Brown ( 19962008 ) : J. F. Brown ( 102 ) * Simon Brown ( 19871990 ) : S. J. E. Brown ( 15 ) * William Brown ( 19251937 ) : W. C. Brown ( 127 ) * Arthur Bull ( 19131924 ) : A. H. Bull ( 36 ) * Charles Buller ( 1931 ) : C. E. Buller ( 1 ) * Alec Burgess ( 1929 ) : A. A. Burgess ( 1 ) * Henry Burgess ( 1905 ) : H. Burgess ( 1 ) * Dave Burton ( 20102012 ) : D. A. Burton ( 3 ) * John Buswell ( 19361939 ) : J. E. Buswell ( 61 ) * Walter Buswell ( 19061921 ) : W. A. Buswell ( 205 ) # C # * @ @ @ @ @ @ @ @ @ @ 270 ) * James Carse ( 1983 ) : J. A. Carse ( 11 ) * Bob Carter ( 19781982 ) : R. M. Carter ( 51 ) * Matthew Cassar ( 20012002 ) : M. E. Cassar ( 8 ) * Charles Catlow ( 1929 ) : C. S. Catlow ( 2 ) * Mike Cawdron ( 20022004 ) : M. J. Cawdron ( 7 ) * Frank Chamberlain ( 19431946 ) : W. R. F. Chamberlain ( 6 ) * Elton Chigumbura ( 2010 ) : E. Chigumbura ( 6 ) * Arthur Childs-Clarke ( 19471948 ) : A. W. Childs-Clarke ( 53 ) * Thomas Clapperton ( 1909 ) : T. J. M. Clapperton ( 1 ) * Nobby Clark ( 19221947 ) : E. W. Clark ( 307 ) * Bertie Clarke ( 19411949 ) : C. B. Clarke ( 49 ) * George Clarke ( 1908 ) : G. W. Clarke ( 1 ) * Robert Clarke ( 19471957 ) : R. W. Clarke ( 208 ) * Kyle Coetzer ( 20112013 ) : K. J. Coetzer ( 27 ) * Gordon Collins ( 1938 ) @ @ @ @ @ @ @ @ @ @ ( 1949 ) : D. Constable ( 2 ) * Geoff Cook ( 19711990 ) : G. Cook ( 415 ) * Jeff Cook ( 19992004 ) : J. W. Cook ( 55 ) * Nick Cook ( 19861994 ) : N. G. B. Cook ( 167 ) * Trent Copeland ( 20132013 ) : T. A. Copeland ( 10 ) * Bernard Cornelius ( 1947 ) : B. W. Cornelius ( 1 ) * Bob Cottam ( 19721976 ) : R. M. H. Cottam ( 76 ) * Darren Cousins ( 19992002 ) : D. M. Cousins ( 35 ) * Paul Coverdale ( 20062007 ) : P. S. Coverdale ( 1 ) * Stephen Coverdale ( 1987 ) : S. P. Coverdale ( 1 ) * Bill Coverdale ( 19311932 ) : W. W. Coverdale ( 31 ) * Arthur Cox ( 19261947 ) : A. L. Cox ( 229 ) * Mark Cox senior ( 18991919 ) : M. Cox ( 75 ) * Mark Cox junior ( 1932 ) : M. H. D. Cox ( 3 ) * Sydney Cox ( 19321944 ) : S. Cox ( @ @ @ @ @ @ @ @ @ @ R. Crook ( 6 ) * Steven Crook ( 20052013 ) : S. P. Crook ( 27 ) * Edmund Crosse ( 19031910 ) : E. M. Crosse ( 48 ) * Brian Crump ( 19601972 ) : B. S. Crump ( 317 ) * Leonard Cullen ( 19341935 ) : L. Cullen ( 18 ) * Kevin Curran ( 19911999 ) : K. M. Curran ( 139 ) * Geoffrey Cuthbertson ( 19351938 ) : G. B. Cuthbertson ( 43 ) # D # * Lee Daggett ( 20092013 ) : L. M. Daggett ( 49 ) * Harold Dainty ( 1922 ) : H. W. Dainty ( 3 ) * Jack Dale ( 1922 ) : J. H. Dale ( 7 ) * Llewellyn Davies ( 19191921 ) : L. J. Davies ( 6 ) * Michael Davies ( 19972000 ) : M. K. Davies ( 25 ) * Eddie Davis ( 19471956 ) : E. Davis ( 104 ) * John Davis ( 1963 ) : M. J. Davis ( 1 ) * Percy Davis ( 19351952 ) : C. P. Davis ( 169 ) * Winston Davis @ @ @ @ @ @ @ @ @ @ * Albert Dawes ( 19331941 ) : A. G. Dawes ( 1 ) * Ismail Dawood ( 1994 ) : I. Dawood ( 1 ) * Richard Dawson ( 2007 ) : R. K. J. Dawson ( 3 ) * Con de Lange ( 2012 ) : C. D. de Lange ( 4 ) * Arthur Denton ( 19141920 ) : A. D. Denton ( 7 ) * John Denton ( 19091919 ) : J. S. Denton ( 104 ) * William Denton ( 19091924 ) : W. H. Denton ( 119 ) * Kapil Dev ( 19811983 ) : Kapil Dev ( 16 ) * Alfred Dickens ( 18981907 ) : A. Dickens ( 1 ) * Michael Dilley ( 19571963 ) : M. R. Dilley ( 33 ) * Ramesh Divecha ( 1948 ) : R. V. Divecha ( 1 ) * Eric Dixon ( 1939 ) : E. J. H. Dixon ( 8 ) * Lancelot Driffield ( 18981908 ) : L. T. Driffield ( 40 ) * George Drummond ( 19201922 ) : G. H. Drummond ( 4 ) * Ben Duckett ( 20122013 ) : B. @ @ @ @ @ @ @ @ @ @ ) : M. E. F. Dunkley ( 36 ) * Antony Durose ( 19641969 ) : A. J. Durose ( 70 ) * John Dye ( 19721977 ) : J. C. J. Dye ( 112 ) # E # * William East ( 18951914 ) : W. East ( 157 ) * Thomas Elderkin ( 1934 ) : T. Elderkin ( 1 ) * Harold Ellis ( 19081910 ) : H. Ellis ( 18 ) * John Emburey ( 19961997 ) : J. E. Emburey ( 14 ) * Luke Evans ( 2010 ) : L. Evans ( 6 ) # F # * Roderick Falconer ( 19071910 ) : R. Falconer ( 7 ) * Sydney Falding ( 1921 ) : S. W. Falding ( 1 ) * Jonathan Fellows-Smith ( 19561957 ) : J. P. Fellows-Smith ( 13 ) * Nigel Felton ( 19891994 ) : N. A. Felton ( 103 ) * Kenneth Fiddling ( 19471953 ) : K. Fiddling ( 142 ) * John Fitzroy ( 19251927 ) : J. M. Fitzroy ( 56 ) * Vincent Flynn ( 19761978 ) : V. A. Flynn ( 3 @ @ @ @ @ @ @ @ @ @ ( 11 ) * Alan Fordham ( 19861997 ) : A. Fordham ( 167 ) * Grant Forster ( 1980 ) : G. Forster ( 1 ) * Edwin Freeman ( 19081920 ) : E. Freeman ( 16 ) * Terry Freeman ( 1954 ) : T. Freeman ( 1 ) * Matthew Friedlander ( 2005 ) : M. J. Friedlander ( 1 ) * Charles Fry ( 1962 ) : C. A. Fry ( 2 ) * Philip Fryer ( 1908 ) : P. A. Fryer ( 2 ) # G # * Sourav Ganguly ( 2006 ) : S. C. Ganguly ( 4 ) * Gordon Garlick ( 19481950 ) : R. G. Garlick ( 77 ) * George Gifford ( 19231929 ) : G. C. Gifford ( 14 ) * Frederick Goldstein ( 1969 ) : F. S. Goldstein ( 10 ) * Chris Goode ( 2004 ) : C. M. Goode ( 1 ) * Mark Gouldstone ( 19861988 ) : M. R. Gouldstone ( 8 ) * James Govan ( 19891990 ) : J. W. Govan ( 5 ) * Douglas Greasley ( 19501955 ) : @ @ @ @ @ @ @ @ @ @ 20022004 ) : C. G. Greenidge ( 27 ) * Bill Greenwood ( 19381946 ) : H. W. Greenwood ( 60 ) * Jim Griffiths ( 19741986 ) : B. J. Griffiths ( 177 ) * Norman Grimshaw ( 19331938 ) : N. Grimshaw ( 78 ) * John Guy ( 1958 ) : J. W. Guy ( 2 ) # H # * Andrew Hall ( 20082013 ) : A. J. Hall ( 85 ) * Harold Hall ( 19011907 ) : H. S. Hall ( 1 ) * Rupert Hanley ( 1984 ) : R. W. Hanley ( 17 ) * David Hardy ( 19041924 ) : D. Hardy ( 37 ) * Roger Harper ( 19851989 ) : R. A. Harper ( 54 ) * Paul Harrison ( 20092010 ) : P. W. Harrison ( 7 ) * George Hawes ( 1919 ) : G. H. Hawes ( 2 ) * Henry Hawkins ( 19021909 ) : H. Hawkins ( 26 ) * Rawlins Hawtin ( 19021930 ) : A. P. R. Hawtin ( 85 ) * Roger Hawtin ( 19011908 ) : R. W. R. Hawtin ( @ @ @ @ @ @ @ @ @ @ H. Hawtin ( 4 ) * Matthew Hayden ( 19992000 ) : M. L. Hayden ( 24 ) * Robert Haywood ( 19081924 ) : R. A. Haywood ( 172 ) * Eric Herbert ( 19371944 ) : E. J. Herbert ( 35 ) * Hugh Hibbert ( 1931 ) : H. W. Hibbert ( 1 ) * Alan Hodgson ( 19701979 ) : A. Hodgson ( 99 ) * Dean Hoffman ( 1988 ) : D. S. Hoffman ( 1 ) * Raymond Hogan ( 19541955 ) : R. P. Hogan ( 3 ) * Lawrence Holland ( 19121920 ) : L. E. Holland ( 10 ) * Thomas Horton ( 18951906 ) : T. Horton ( 13 ) * Ben Howgego ( 20082012 ) : B. H. N. Howgego ( 21 ) * Tom Huggins ( 20032005 ) : T. B. Huggins ( 11 ) * John Hughes ( 19901997 ) : J. G. Hughes ( 20 ) * Stuart Humfrey ( 19131926 ) : S. H. G. Humfrey ( 21 ) * Mike Hussey ( 20012003 ) : M. E. K. Hussey ( 43 ) * Edward Hyde @ @ @ @ @ @ @ @ @ @ I # * Kevin Innes ( 19942005 ) : K. J. Innes ( 21 ) * Matthew Inness ( 2002 ) : M. W. H. Inness ( 4 ) * Wilfred Izzard ( 19191920 ) : W. C. Izzard ( 12 ) # J # * Davey Jacobs ( 2007 ) : D. J. Jacobs ( 4 ) * Freddie Jakeman ( 19491954 ) : F. Jakeman ( 119 ) * Stuart Jakeman ( 19621963 ) : R. S. Jakeman ( 3 ) * J. James ( 1906 ) : J. James ( 2 ) * Ken James ( 19351944 ) : K. C. James ( 101 ) * Phil Jaques ( 2003 ) : P. A. Jaques ( 16 ) * Craig Jennings ( 2004 ) : C. J. R. Jennings ( 1 ) * Robin Johns ( 1971 ) : R. L. Johns ( 6 ) * George H. Johnson ( 19221932 ) : G. H. Johnson ( 18 ) * George J. Johnson ( 19291935 ) : G. J. Johnson ( 5 ) * John Johnson ( 1907 ) : J. I. Johnson ( 1 ) * Laurence @ @ @ @ @ @ @ @ @ @ ) * Alfred Jones ( 1933 ) : A. W. Jones ( 1 ) * Steffan Jones ( 20042005 ) : P. S. Jones ( 14 ) * Ray Joseph ( 1985 ) : R. F. Joseph ( 2 ) * Vallance Jupp ( 19231941 ) : V. W. C. Jupp ( 280 ) # K # * Harry Kelleher ( 19561958 ) : H. R. A. Kelleher ( 52 ) * William Kemmey ( 1939 ) : W. Kemmey ( 5 ) * Francis Kendall ( 1930 ) : F. J. Kendall ( 3 ) * Rob Keogh ( 20102013 ) : R. I. Keogh ( 9 ) * Michael Kettle ( 19631970 ) : M. K. Kettle ( 88 ) * Ralph Kimbell ( 1908 ) : R. R. Kimbell ( 1 ) * Richard King ( 2005 ) : R. E. King ( 1 ) * Sidney King ( 19071908 ) : S. King ( 4 ) * Hubert Kingston ( 18951906 ) : H. E. Kingston ( 13 ) * William Kingston ( 18941909 ) : W. H. Kingston ( 77 ) * Frederick Kitson ( 19191920 @ @ @ @ @ @ @ @ @ @ ( 20062008 ) : L. Klusener ( 46 ) * Robert Knight ( 19001921 ) : R. F. Knight ( 22 ) * Ronald Knight ( 19331934 ) : R. Knight ( 10 ) * Anil Kumble ( 1995 ) : A. Kumble ( 17 ) # L # * Ronald Lake ( 1922 ) : R. D. Lake ( 2 ) * Allan Lamb ( 19781995 ) : A. J. Lamb ( 284 ) * John Lamb ( 19341938 ) : H. J. H. Lamb ( 38 ) * Tim Lamb ( 19781983 ) : T. M. Lamb ( 108 ) * Wayne Larkins ( 19721991 ) : W. Larkins ( 363 ) * David Larter ( 19601969 ) : J. D. F. Larter ( 134 ) * Peter Lee ( 19671971 ) : P. G. Lee ( 44 ) * Alan Liddell ( 19511955 ) : A. W. G. Liddell ( 18 ) * Allan Liddell ( 19271934 ) : A. G. Liddell ( 91 ) * Albert Lightfoot ( 19531970 ) : A. Lightfoot ( 290 ) * John Powys ( 1911 ) : Lord Lilford ( 1 @ @ @ @ @ @ @ @ @ @ Lillee ( 7 ) * Steven Lines ( 1983 ) : S. J. Lines ( 1 ) * Jock Livingston ( 19501957 ) : L. Livingston ( 198 ) * Richard Logan ( 19992008 ) : R. J. Logan ( 8 ) * Harry Longland ( 1907 ) : H. Longland ( 1 ) * Johann Louw ( 20042008 ) : J. Louw ( 31 ) * Martin Love ( 20042005 ) : M. L. Love ( 17 ) * Mal Loye ( 19912011 ) : M. B. Loye ( 156 ) * Christopher Lubbock ( 19381943 ) : C. W. S. Lubbock ( 6 ) * David Lucas ( 20072011 ) : D. S. Lucas ( 61 ) * Arthur Luck ( 19371938 ) : A. Luck ( 2 ) # M # * Devon Malcolm ( 19982000 ) : D. E. Malcolm ( 36 ) * Neil Mallender ( 19801996 ) : N. A. Mallender ( 145 ) * Norman Maltby ( 19721974 ) : N. Maltby ( 9 ) * Jack Manning ( 19541960 ) : J. S. Manning ( 117 ) * Thomas Manning ( 19031922 ) @ @ @ @ @ @ @ @ @ @ ( 19271936 ) : A. D. G. Matthews ( 224 ) * Les McFarlane ( 1979 ) : L. L. McFarlane ( 8 ) * Lewis McGibbon ( 19571959 ) : L. McGibbon ( 13 ) * Jack Mercer ( 1947 ) : J. Mercer ( 1 ) * Bill Merritt ( 19381946 ) : W. E. Merritt ( 41 ) * James Middlebrook ( 20102013 ) : J. D. Middlebrook ( 59 ) * Colin Milburn ( 19601975 ) : C. Milburn ( 196 ) * Peter Mills ( 1981 ) : J. P. C. Mills ( 3 ) * John Minney ( 19611967 ) : J. H. Minney ( 5 ) * Mushtaq Mohammad ( 19641977 ) : Mushtaq Mohammad ( 262 ) * Richard Montgomerie ( 19911998 ) : R. R. Montgomerie ( 62 ) * Nigel Murch ( 1968 ) : S. N. C. Murch ( 1 ) * John Murdin ( 19131927 ) : J. V. Murdin ( 171 ) * David Murphy ( 20092013 ) : D. Murphy ( 39 ) * Peter Murray-Willis ( 19381946 ) : P. E. Murray-Willis ( 22 ) # @ @ @ @ @ @ @ @ @ @ M. Nasiruddin ( 5 ) * Sarfraz Nawaz ( 19691982 ) : Sarfraz Nawaz ( 151 ) * Andr Nel ( 2003 ) : A. Nel ( 13 ) * Mark Nelson ( 20062009 ) : M. A. G. Nelson ( 7 ) * Peter Nelson ( 1938 ) : P. J. M. Nelson ( 1 ) * Robert Nelson ( 19371939 ) : R. P. Nelson ( 50 ) * William Nevell ( 19451947 ) : W. T. Nevell ( 36 ) * Herbert Newman ( 1905 ) : H. J. Newman ( 1 ) * Harold Newton ( 19381941 ) : H. M. Newton ( 1 ) * Rob Newton ( 20092013 ) : R. I. Newton ( 33 ) * John Nicholson ( 19241928 ) : J. S. Nicholson ( 63 ) * Matthew Nicholson ( 2006 ) : M. J. Nicholson ( 15 ) * Wayne Noon ( 19881993 ) : W. M. Noon ( 12 ) * Mick Norman ( 19521965 ) : M. E. J. C. Norman ( 202 ) * Newman Norman ( 19031909 ) : N. F. Norman ( 11 ) * Graham @ @ @ @ @ @ @ @ @ @ ) * Reginald Northway ( 1936 ) : R. P. Northway ( 17 ) * Harold Nunley ( 1931 ) : H. Nunley ( 3 ) * Albert Nutter ( 19481953 ) : A. E. Nutter ( 145 ) # O # * Francis O'Brien ( 19381939 ) : F. P. O'Brien ( 40 ) * Niall O'Brien ( 20072012 ) : N. J. O'Brien ( 59 ) * Norman Oldfield ( 19481954 ) : N. Oldfield ( 159 ) * Martin Olley ( 1983 ) : M. W. C. Olley ( 1 ) * Wayne Osman ( 19701971 ) : W. M. Osman ( 9 ) # P # * Monty Panesar ( 20012009 ) : M. S. Panesar ( 113 ) * Cyril Partridge ( 1921 ) : C. Partridge ( 1 ) * Reg Partridge ( 19291948 ) : R. J. Partridge ( 227 ) * Arnold Payne ( 19311934 ) : A. C. Payne ( 3 ) * David Paynter ( 20022003 ) : D. E. Paynter ( 5 ) * James Pearson ( 1932 ) : J. W. Pearson ( 1 ) * Richard Pearson ( @ @ @ @ @ @ @ @ @ @ Ian Peck ( 19801981 ) : I. G. Peck ( 2 ) * Tony Penberthy ( 19892003 ) : A. L. Penberthy ( 181 ) * George Pennington ( 1927 ) : G. A. A. S. C. T. S. Pennington ( 12 ) * Cyril Perkins ( 19341937 ) : G. C. Perkins ( 56 ) * Stephen Peters ( 20062013 ) : S. D. Peters ( 118 ) * Stanley Philips ( 19381939 ) : S. I. Philips ( 6 ) * Ben Phillips ( 20022006 ) : B. J. Phillips ( 53 ) * Peter Pickering ( 1953 ) : P. B. Pickering ( 1 ) * Charl Pietersen ( 20052006 ) : C. Pietersen ( 7 ) * William Pinner ( 19001908 ) : W. G. Pinner ( 1 ) * David Pithey ( 1962 ) : D. B. Pithey ( 3 ) * Thomas Pitt ( 19321935 ) : T. A. Pitt ( 25 ) * Bob Platt ( 1964 ) : R. K. Platt ( 2 ) * Charles Pool ( 18931910 ) : C. J. T. Pool ( 94 ) * Mark Powell ( 20002004 @ @ @ @ @ @ @ @ @ @ Powys-Maurice ( 19221923 ) : L. S. Powys-Maurice ( 11 ) * Harold Pretty ( 19061907 ) : H. C. Pretty ( 8 ) * Roger Prideaux ( 19621970 ) : R. M. Prideaux ( 234 ) * Neil Priestley ( 1981 ) : N. Priestley ( 1 ) # R # * Donald Ramsamooj ( 19581964 ) : D. Ramsamooj ( 71 ) * Reginald Raven ( 19051921 ) : R. O. Raven ( 31 ) * Keith Reid ( 1973 ) : K. P. Reid ( 1 ) * Brian Reynolds ( 19501970 ) : B. L. Reynolds ( 426 ) * Ian Richards ( 19761979 ) : I. M. Richards ( 23 ) * David Ripley ( 19842001 ) : D. Ripley ( 306 ) * Roderic Ripley ( 1922 ) : R. G. Ripley ( 4 ) * Andrew Roberts ( 19891996 ) : A. R. Roberts ( 59 ) * David Roberts ( 19961999 ) : D. J. Roberts ( 17 ) * Timothy Roberts ( 20032005 ) : T. W. Roberts ( 27 ) * Bert Robinson ( 19371946 ) : A. G. Robinson ( @ @ @ @ @ @ @ @ @ @ A. Robinson ( 59 ) * Robert Robinson ( 1946 ) : R. G. Robinson ( 4 ) * Paul Rofe ( 2004 ) : P. C. Rofe ( 5 ) * Chris Rogers ( 20062007 ) : C. J. L. Rogers ( 22 ) * Adrian Rollins ( 19992002 ) : A. S. Rollins ( 28 ) * Paul Romaines ( 19751976 ) : P. W. Romaines ( 6 ) * Franklyn Rose ( 1998 ) : F. A. Rose ( 14 ) * Victor Rothschild , 3rd Baron Rothschild ( 19291931 ) : N. M. V. Rothschild ( 10 ) * James Ryan ( 19111914 ) : J. H. A. Ryan ( 8 ) * Kenneth Rymill ( 19261932 ) : K. J. Rymill ( 4 ) # S # * David Sales ( 19942013 ) : D. J. G. Sales ( 231 ) * Arthur Sargent ( 19321940 ) : A. H. T. Sargent ( 4 ) * Malcolm Scott ( 19561969 ) : M. E. Scott ( 183 ) * John Seymour ( 19081919 ) : J. Seymour ( 94 ) * Bilal Shafayat ( 20052011 ) @ @ @ @ @ @ @ @ @ @ ( 20032004 ) : A. J. Shantry ( 5 ) * George Sharp ( 19681985 ) : G. Sharp ( 305 ) * Peter Shenton ( 19571958 ) : P. A. Shenton ( 1 ) * Archibald Sim ( 19641966 ) : A. M. R. Sim ( 4 ) * Cyril Simpson ( 1908 ) : C. C. Simpson ( 1 ) * Harold Simpson ( 18981911 ) : H. B. Simpson ( 8 ) * Alan Skinner ( 1949 ) : A. F. Skinner ( 1 ) * Charlie Smith ( 18891906 ) : B. C. Smith ( 31 ) * Gareth Smith ( 19861989 ) : G. Smith ( 9 ) * Lewis Smith ( 1947 ) : L. A. Smith ( 2 ) * Ronald Smith ( 1954 ) : R. Smith ( 1 ) * Sydney F. Smith ( 1914 ) : S. F. Smith ( 2 ) * Sydney G. Smith ( 19071914 ) : S. G. Smith ( 119 ) * Thomas Smith ( 1931 ) : T. G. H. Smith ( 1 ) * Jeremy Snape ( 19921998 ) : J. N. Snape ( @ @ @ @ @ @ @ @ @ @ S. Snell ( 3 ) * Alexander Snowden ( 19311941 ) : A. W. Snowden ( 136 ) * Matthew Spriegel ( 20132013 ) : M. N. W. Spriegel ( 8 ) * Neil Stanley ( 19881993 ) : N. A. Stanley ( 21 ) * Sydney Starkie ( 19511956 ) : S. Starkie ( 95 ) * David Steele ( 19631984 ) : D. S. Steele ( 416 ) * Norman Stevens ( 19371944 ) : J. N. Stevens ( 5 ) * Graham Stevenson ( 1987 ) : G. B. Stevenson ( 1 ) * Jim Stewart ( 19711972 ) : W. J. P. Stewart ( 1 ) * Frederick Stocks ( 1906 ) : F. Stocks ( 2 ) * Oli Stone ( 2011 ) : O. P. Stone ( 3 ) * Alastair Storie ( 19851986 ) : A. C. Storie ( 15 ) * Sidney Stretton ( 1928 ) : S. Stretton ( 1 ) * Michael Strong ( 19992001 ) : M. R. Strong ( 13 ) * Raman Subba Row ( 19551961 ) : R. Subba Row ( 113 ) * Haydn Sully ( @ @ @ @ @ @ @ @ @ @ Sutcliffe ( 2007 ) : I. J. Sutcliffe ( 1 ) * Robin Sutcliffe ( 1999 ) : R. V. Sutcliffe ( 2 ) * Alec Swann ( 19962001 ) : A. J. Swann ( 44 ) * Graeme Swann ( 19972004 ) : G. P. Swann ( 97 ) * John Swinburne ( 19701974 ) : J. W. Swinburne ( 29 ) # T # * Alan Tait ( 19711975 ) : A. Tait ( 52 ) * Paul Taylor ( 19912001 ) : J. P. Taylor ( 169 ) * Gilbert Tebbitt ( 19341938 ) : G. G. Tebbitt ( 11 ) * Albert Thomas ( 19191933 ) : A. E. Thomas ( 284 ) * Greg Thomas ( 19891991 ) : J. G. Thomas ( 44 ) * Alexander Thompson ( 19051908 ) : A. R. Thompson ( 17 ) * George Thompson ( 18951922 ) : G. J. Thompson ( 222 ) * Charles Thorneycroft ( 18991907 ) : C. B. Thorneycroft ( 2 ) * Frank Thornton ( 19371943 ) : F. K. Thornton ( 2 ) * Charles Thorp ( 19081909 ) : C. Thorp @ @ @ @ @ @ @ @ @ @ T. Thorpe ( 3 ) * John Timms ( 19251949 ) : J. E. Timms ( 468 ) * Wilfrid Timms ( 19211932 ) : W. W. Timms ( 99 ) * Robert Tindall ( 19791981 ) : R. M. Tindall ( 14 ) * Charles Tomblin ( 1914 ) : C. B. Tomblin ( 2 ) * Eric Tomkins ( 19201921 ) : E. F. Tomkins ( 13 ) * James Toon ( 1946 ) : J. H. C. Toon ( 1 ) * Edgar Towell ( 19231942 ) : E. F. Towell ( 70 ) * George Tribe ( 19511959 ) : G. E. Tribe ( 233 ) * Vishal Tripathi ( 2010 ) : V. Tripathi ( 4 ) * Bernard Tyler ( 19231924 ) : B. Tyler ( 9 ) * Charles Tyler ( 19101923 ) : C. H. Tyler ( 27 ) * Frank Tyson ( 19521960 ) : F. H. Tyson ( 170 ) # V # * Chaminda Vaas ( 20102012 ) : W. P. U. J. C. Vaas ( 22 ) * Johan van der Wath ( 20072009 ) : J. J. van @ @ @ @ @ @ @ @ @ @ 2004 ) : M. van Jaarsveld ( 7 ) * Denis Vann ( 19361937 ) : D. W. A. Vann ( 4 ) * Richard Venes ( 1922 ) : R. S. Venes ( 4 ) * George Vials ( 19041922 ) : G. A. T. Vials ( 122 ) * Roy Virgin ( 19731977 ) : R. T. Virgin ( 103 ) # W # * Alex Wakely ( 20072013 ) : A. G. Wakely ( 79 ) * Fanny Walden ( 19101929 ) : F. I. Walden ( 258 ) * Alan Walker ( 19831993 ) : A. Walker ( 96 ) * Harold Walker ( 1947 ) : H. Walker ( 1 ) * William Walker ( 19081926 ) : W. P. Walker ( 6 ) * Tim Walton ( 19921998 ) : T. C. Walton ( 19 ) * Russell Warren ( 19922002 ) : R. J. Warren ( 109 ) * Mike Warrington ( 1951 ) : J. M. Warrington ( 2 ) * Stuart Waterton ( 19861987 ) : S. N. V. Waterton ( 15 ) * Ian Watson ( 1971 ) : I. R. @ @ @ @ @ @ @ @ @ @ : F. H. G. Watts ( 4 ) * Jim Watts ( 19581980 ) : P. J. Watts ( 372 ) * Peter Watts ( 19561966 ) : P. D. Watts ( 158 ) * Jack Webster ( 19431955 ) : J. Webster ( 60 ) * Lesroy Weekes ( 2001 ) : L. C. Weekes ( 1 ) * Thomas Welch ( 19221945 ) : T. B. G. Welch ( 23 ) * Arthur Wells ( 19541955 ) : A. L. Wells ( 5 ) * William Wells ( 19041926 ) : W. Wells ( 269 ) * Riki Wessels ( 20052009 ) : M. H. Wessels ( 66 ) * Matthew Wheeler ( 1985 ) : M. B. H. Wheeler ( 2 ) * Albert White ( 19141923 ) : A. W. White ( 8 ) * Andrew White ( 20042006 ) : A. R. White ( 4 ) * Cameron White ( 20122013 ) : C. L. White ( 2 ) * Edmund White ( 19441948 ) : E. White ( 3 ) * Graeme White ( 20062013 ) : G. G. White ( 8 ) * Harry @ @ @ @ @ @ @ @ @ @ ) * Michael White ( 19471949 ) : W. M. E. White ( 5 ) * Oliver White ( 1920 ) : O. C. White ( 5 ) * Rob White ( 20002012 ) : R. A. White ( 112 ) * Philip Whitehead ( 19081909 ) : P. J. Whitehead ( 2 ) * Edward Whitfield ( 1946 ) : E. W. Whitfield ( 19 ) * David Wigley ( 20062010 ) : D. H. Wigley ( 38 ) * Duncan Wild ( 19801990 ) : D. J. Wild ( 119 ) * John Wild ( 19531961 ) : J. Wild ( 39 ) * Richard Wild ( 1996 ) : R. D. Wild ( 1 ) * Burton Wilkinson ( 1932 ) : B. Wilkinson ( 1 ) * David Willey ( 20092013 ) : D. J. Willey ( 43 ) * Peter Willey ( 19661983 ) : P. Willey ( 319 ) * Harry Williams ( 19231924 ) : H. Williams ( 6 ) * Richard Williams ( 19741992 ) : R. G. Williams ( 278 ) * Gordon Williamson ( 19581962 ) : J. G. Williamson ( @ @ @ @ @ @ @ @ @ @ W. Willis ( 1 ) * Arnold Wills ( 19261929 ) : A. C. L. Wills ( 15 ) * Roy Wills ( 19631973 ) : R. Wills ( 33 ) * Harry Wilson ( 1931 ) : H. Wilson ( 1 ) * John Wolstenholme ( 2005 ) : J. P. Wolstenholme ( 1 ) * Claud Woolley ( 19111931 ) : C. N. Woolley ( 362 ) * Reginald Wooster ( 1925 ) : R. Wooster ( 1 ) * Arthur Worsley ( 19031905 ) : A. E. Worsley ( 3 ) * Charles Worsley ( 1921 ) : C. E. A. Worsley ( 2 ) * Alan Wright ( 19221923 ) : A. J. B. Wright ( 2 ) * Albert Wright ( 19191920 ) : A. Wright ( 3 ) * Bertie Wright ( 19191922 ) : B. Wright ( 5 ) * Damien Wright ( 20032005 ) : D. G. Wright ( 18 ) * Ernest Wright ( 1919 ) : E. V. Wright ( 2 ) * Nicholas Wright ( 19211922 ) : N. E. Wright ( 8 ) * Philip Wright ( 19211942 ) @ @ @ @ @ @ @ @ @ @ ( 19231931 ) : R. L. Wright ( 54 ) * Ronald Wright ( 19231945 ) : R. C. B. Wright ( 10 ) * Stephen Wright ( 19221923 ) : S. Wright ( 9 ) # Y # * Jim Yardley ( 19761982 ) : T. J. Yardley ( 107 ) * Walter Yarnold ( 1928 ) : W. K. Yarnold ( 1 ) 